ID,createdAt,createdBy,modifiedAt,modifiedBy,materialNumber,description,materialGroup_ID,baseUnit,standardPrice,currency_code,weight,weightUnit,leadTimeDays,minimumOrderQuantity,active
23ca3651-d389-5646-8a4d-d24fb3e26384,2025-05-23T08:00:00Z,system,2025-05-23T08:00:00Z,system,MAT000000000000001,Stainless Steel Sheet 01,2acb4523-efa8-5113-8671-718f714e827d,SET,2261.58,EUR,62.641,KG,30,10.000,True
b03f0dc2-a9e5-5330-affe-38e1a3e58c73,2025-05-24T08:00:00Z,system,2025-05-24T08:00:00Z,system,MAT000000000000002,Aluminium Profile 01,78a29834-2f00-5ddb-98ac-157ca6d78bba,L,277.09,EUR,74.414,KG,60,100.000,True
b565639f-0e27-5958-90ec-8e31f21798a1,2025-05-25T08:00:00Z,system,2025-05-25T08:00:00Z,system,MAT000000000000003,Copper Wire 01,759df8ed-dbb8-5ebd-b398-95fa7f470c78,KG,6.75,EUR,102.513,KG,44,50.000,True
6be44d6c-c457-5100-971c-5640df33eb4b,2025-05-26T08:00:00Z,system,2025-05-26T08:00:00Z,system,MAT000000000000004,Ball Bearing 01,796ae5a3-0afd-5325-bbfe-ed77e933b62e,SET,476.16,EUR,71.982,KG,57,25.000,True
7a0dddce-a54b-5ce2-932f-2cf37ea670f6,2025-05-27T08:00:00Z,system,2025-05-27T08:00:00Z,system,MAT000000000000005,Hex Bolt 01,352f8b23-c4e6-5bc1-9928-e3680bd83e0d,EA,1379.96,EUR,56.233,KG,10,1.000,True
f6f54dcc-7dd4-5c4e-aa26-edca535dced2,2025-05-28T08:00:00Z,system,2025-05-28T08:00:00Z,system,MAT000000000000006,Electric Motor 01,bff32fdb-82c9-50b2-a43e-d228c5ac24ac,SET,225.57,EUR,118.183,KG,44,5.000,True
b3dbfa26-3c04-523e-a8d7-8b4485baefb6,2025-05-29T08:00:00Z,system,2025-05-29T08:00:00Z,system,MAT000000000000007,Pressure Sensor 01,f35026fa-060f-5f11-9a86-269f5666b8e4,EA,332.10,EUR,92.442,KG,26,20.000,True
3e5204f6-3370-5c61-92de-50e60340d4c4,2025-05-30T08:00:00Z,system,2025-05-30T08:00:00Z,system,MAT000000000000008,PLC Module 01,4c63ca08-088d-5a08-992c-d37a3c07121b,SET,989.59,EUR,55.572,KG,56,20.000,True
73253cdf-d4e6-5749-9bda-81b380de990d,2025-05-31T08:00:00Z,system,2025-05-31T08:00:00Z,system,MAT000000000000009,Ethernet Cable 01,55c4127a-8e0c-57e2-8b89-bed0198148ef,L,692.77,EUR,51.118,KG,40,1.000,True
6d2735d4-0448-53f2-b4da-81a2b822e099,2025-06-01T08:00:00Z,system,2025-06-01T08:00:00Z,system,MAT000000000000010,Corrugated Carton 01,f9b30b47-6010-5ad9-82f0-806e9aade65e,KG,26.47,EUR,14.481,KG,21,1.000,True
b6bc1653-27d5-583b-ba09-0b3325b8db55,2025-06-02T08:00:00Z,system,2025-06-02T08:00:00Z,system,MAT000000000000011,Stretch Film 01,10530ccc-b6a7-5f3b-9f30-768a03cef30c,SET,620.42,EUR,112.867,KG,19,50.000,True
20b9081b-2fb8-5ca6-99f3-12478b5fce53,2025-06-03T08:00:00Z,system,2025-06-03T08:00:00Z,system,MAT000000000000012,Safety Gloves 01,a0f96efb-e3df-5d04-bbd8-f7c638ce31b7,KG,12.14,EUR,42.233,KG,45,50.000,True
1455dc98-f7ae-5a52-9c81-dc7663903a45,2025-06-04T08:00:00Z,system,2025-06-04T08:00:00Z,system,MAT000000000000013,Protective Glasses 01,b708786d-78bc-5ffa-b86f-456f57af9cad,KG,24.89,EUR,27.683,KG,3,5.000,True
19b64704-248d-5db5-b479-bb7989cf5373,2025-06-05T08:00:00Z,system,2025-06-05T08:00:00Z,system,MAT000000000000014,Hydraulic Hose 01,d055653d-a48f-5b95-aa61-6d89d00e4ec6,M,1698.65,EUR,29.240,KG,49,5.000,True
747bd910-e2d1-5080-b88a-7ef1a35ac5f6,2025-06-06T08:00:00Z,system,2025-06-06T08:00:00Z,system,MAT000000000000015,Pneumatic Cylinder 01,dd52a956-8e5a-5bc2-85fa-089f9fa3ed5f,BOX,1314.56,EUR,113.794,KG,9,1.000,True
12c9f3ae-d18d-52d5-8792-59bbe20067a0,2025-06-07T08:00:00Z,system,2025-06-07T08:00:00Z,system,MAT000000000000016,Industrial Filter 01,55b98412-a87c-5d06-99b1-b52e5bf7ce0f,L,1528.50,EUR,31.733,KG,44,100.000,True
15363821-3683-51e9-ad4d-1410e9a22f30,2025-06-08T08:00:00Z,system,2025-06-08T08:00:00Z,system,MAT000000000000017,Gear Oil 01,2658df6b-27d3-5402-9299-f7c0d6729824,EA,723.42,EUR,11.632,KG,12,50.000,True
d80537fd-c1c9-5741-8e8d-02dd52dc79bd,2025-06-09T08:00:00Z,system,2025-06-09T08:00:00Z,system,MAT000000000000018,Control Valve 01,777e7c37-1e75-51c3-ae1f-c155fd09bb99,KG,24.08,EUR,3.673,KG,12,100.000,True
1b34037e-a23b-5ef9-ab8d-bcd7b335e9a7,2025-06-10T08:00:00Z,system,2025-06-10T08:00:00Z,system,MAT000000000000019,Drill Bit Set 01,e4cee72f-aec8-50d7-9b62-f7b616ca4094,M,1453.70,EUR,3.690,KG,7,100.000,True
ef275a33-8e1e-5f24-916e-3b7ac4715837,2025-06-11T08:00:00Z,system,2025-06-11T08:00:00Z,system,MAT000000000000020,Laptop Computer 01,b8ea0922-f2ef-5e72-a3b7-5f823c043cf9,KG,25.98,EUR,14.948,KG,56,100.000,True
1c4ef249-806e-5239-b35d-6fc1794e743f,2025-06-12T08:00:00Z,system,2025-06-12T08:00:00Z,system,MAT000000000000021,Barcode Scanner 01,2edc4fcd-5750-5cec-9cab-555863e23975,SET,195.90,EUR,59.150,KG,55,25.000,True
f968e107-0cac-5cfd-a628-d3aa05f1e38d,2025-06-13T08:00:00Z,system,2025-06-13T08:00:00Z,system,MAT000000000000022,Cleaning Concentrate 01,8dd5d572-569a-56bd-acd8-3be0728ad8a5,EA,990.48,EUR,63.620,KG,49,5.000,True
eca867c4-ec3b-52d0-826e-e72c7e331d21,2025-06-14T08:00:00Z,system,2025-06-14T08:00:00Z,system,MAT000000000000023,Laboratory Beaker 01,caf36b91-af87-53fc-8158-13f91aade9d5,BOX,1204.94,EUR,3.272,KG,20,50.000,False
67ab40a1-5f15-54bf-b6a1-2a4a39b94193,2025-06-15T08:00:00Z,system,2025-06-15T08:00:00Z,system,MAT000000000000024,PVC Pipe 01,e70d53aa-bb36-5382-8414-f85fb1b4cacb,M,2369.63,EUR,69.124,KG,49,25.000,True
f95fbe47-9c5c-5d2b-a38e-c84f39513733,2025-06-16T08:00:00Z,system,2025-06-16T08:00:00Z,system,MAT000000000000025,Circuit Breaker 01,691d9e13-4d57-593c-acb4-8ff0871f82d9,M,629.92,EUR,107.879,KG,3,100.000,True
a1de9ed1-ec0e-5ccc-86a4-1980e3dfb1ed,2025-06-17T08:00:00Z,system,2025-06-17T08:00:00Z,system,MAT000000000000026,Power Supply 01,2acb4523-efa8-5113-8671-718f714e827d,L,493.23,EUR,44.223,KG,10,20.000,True
b73f763a-3d8c-562e-9549-a6941040255f,2025-06-18T08:00:00Z,system,2025-06-18T08:00:00Z,system,MAT000000000000027,Conveyor Belt 01,78a29834-2f00-5ddb-98ac-157ca6d78bba,EA,799.65,EUR,24.529,KG,35,5.000,True
30e34ede-6271-5109-8dcc-7f95af88f2f3,2025-06-19T08:00:00Z,system,2025-06-19T08:00:00Z,system,MAT000000000000028,Rubber Gasket 01,759df8ed-dbb8-5ebd-b398-95fa7f470c78,BOX,1917.18,EUR,90.846,KG,43,5.000,True
612fada6-761e-5f21-9247-4531ae1ea588,2025-06-20T08:00:00Z,system,2025-06-20T08:00:00Z,system,MAT000000000000029,Welding Electrode 01,796ae5a3-0afd-5325-bbfe-ed77e933b62e,L,444.95,EUR,28.026,KG,58,5.000,True
cfcda226-532c-599e-8ba1-da4625eb5246,2025-06-21T08:00:00Z,system,2025-06-21T08:00:00Z,system,MAT000000000000030,Adhesive Sealant 01,352f8b23-c4e6-5bc1-9928-e3680bd83e0d,EA,1914.33,EUR,17.051,KG,2,20.000,True
33565d42-f2c6-5728-b582-d95f8618e410,2025-06-22T08:00:00Z,system,2025-06-22T08:00:00Z,system,MAT000000000000031,Stainless Steel Sheet 02,bff32fdb-82c9-50b2-a43e-d228c5ac24ac,BOX,1349.63,EUR,43.171,KG,50,100.000,True
22447b3a-3dd0-58e6-a0a5-422538c79c8f,2025-06-23T08:00:00Z,system,2025-06-23T08:00:00Z,system,MAT000000000000032,Aluminium Profile 02,f35026fa-060f-5f11-9a86-269f5666b8e4,BOX,908.16,EUR,114.582,KG,49,50.000,True
62a2158d-64d0-547a-b140-23e19a0b0820,2025-06-24T08:00:00Z,system,2025-06-24T08:00:00Z,system,MAT000000000000033,Copper Wire 02,4c63ca08-088d-5a08-992c-d37a3c07121b,BOX,1598.71,EUR,56.553,KG,40,1.000,True
8a9aca99-35d6-5da5-8c10-babbacfc2c60,2025-06-25T08:00:00Z,system,2025-06-25T08:00:00Z,system,MAT000000000000034,Ball Bearing 02,55c4127a-8e0c-57e2-8b89-bed0198148ef,BOX,755.66,EUR,19.687,KG,5,20.000,True
a1a5bad0-30ca-5727-b1d6-9e34f59daa2c,2025-06-26T08:00:00Z,system,2025-06-26T08:00:00Z,system,MAT000000000000035,Hex Bolt 02,f9b30b47-6010-5ad9-82f0-806e9aade65e,BOX,696.88,EUR,32.914,KG,12,50.000,True
437ef9de-cfe9-5599-8502-13a53e958016,2025-06-27T08:00:00Z,system,2025-06-27T08:00:00Z,system,MAT000000000000036,Electric Motor 02,10530ccc-b6a7-5f3b-9f30-768a03cef30c,KG,11.90,EUR,75.514,KG,32,50.000,True
bb0b52d6-caeb-5f0b-8479-76c4c50869c1,2025-06-28T08:00:00Z,system,2025-06-28T08:00:00Z,system,MAT000000000000037,Pressure Sensor 02,a0f96efb-e3df-5d04-bbd8-f7c638ce31b7,KG,4.08,EUR,97.077,KG,49,100.000,True
0e061496-b663-511d-b153-ccea08f04c32,2025-06-29T08:00:00Z,system,2025-06-29T08:00:00Z,system,MAT000000000000038,PLC Module 02,b708786d-78bc-5ffa-b86f-456f57af9cad,M,424.24,EUR,24.998,KG,50,10.000,True
2ecf27bf-5cc9-5e4d-bf61-da068d5ffc48,2025-06-30T08:00:00Z,system,2025-06-30T08:00:00Z,system,MAT000000000000039,Ethernet Cable 02,d055653d-a48f-5b95-aa61-6d89d00e4ec6,EA,732.94,EUR,0.139,KG,38,20.000,True
ba70ce40-b5ac-53ec-9eda-29dc6101f551,2025-07-01T08:00:00Z,system,2025-07-01T08:00:00Z,system,MAT000000000000040,Corrugated Carton 02,dd52a956-8e5a-5bc2-85fa-089f9fa3ed5f,L,1496.75,EUR,80.089,KG,25,100.000,True
b48aeed1-7840-500f-a433-e19c16974f9d,2025-07-02T08:00:00Z,system,2025-07-02T08:00:00Z,system,MAT000000000000041,Stretch Film 02,55b98412-a87c-5d06-99b1-b52e5bf7ce0f,SET,1424.40,EUR,23.446,KG,25,5.000,True
b96b5fc7-bf71-5802-87c3-a74c4dd012f4,2025-07-03T08:00:00Z,system,2025-07-03T08:00:00Z,system,MAT000000000000042,Safety Gloves 02,2658df6b-27d3-5402-9299-f7c0d6729824,EA,683.89,EUR,22.782,KG,42,100.000,True
48cb4f21-8c1b-5570-a07c-08c09fbf0ce6,2025-07-04T08:00:00Z,system,2025-07-04T08:00:00Z,system,MAT000000000000043,Protective Glasses 02,777e7c37-1e75-51c3-ae1f-c155fd09bb99,SET,852.19,EUR,11.939,KG,43,20.000,True
75d6a74c-c3cd-5660-ad71-3d8c716419de,2025-07-05T08:00:00Z,system,2025-07-05T08:00:00Z,system,MAT000000000000044,Hydraulic Hose 02,e4cee72f-aec8-50d7-9b62-f7b616ca4094,BOX,1460.28,EUR,60.937,KG,22,100.000,True
a93a3ee0-dfe5-5635-b2cf-50207f6eefff,2025-07-06T08:00:00Z,system,2025-07-06T08:00:00Z,system,MAT000000000000045,Pneumatic Cylinder 02,b8ea0922-f2ef-5e72-a3b7-5f823c043cf9,BOX,890.42,EUR,58.584,KG,4,25.000,True
96fb08d2-476c-50b5-8ac4-5ecf45934f96,2025-07-07T08:00:00Z,system,2025-07-07T08:00:00Z,system,MAT000000000000046,Industrial Filter 02,2edc4fcd-5750-5cec-9cab-555863e23975,SET,70.77,EUR,89.939,KG,7,50.000,True
eafe3238-5e48-56bf-9122-b7966afc27e1,2025-07-08T08:00:00Z,system,2025-07-08T08:00:00Z,system,MAT000000000000047,Gear Oil 02,8dd5d572-569a-56bd-acd8-3be0728ad8a5,M,1586.99,EUR,46.758,KG,8,25.000,True
46b282d8-4f03-5afe-8c6a-9345fa79a1a8,2025-07-09T08:00:00Z,system,2025-07-09T08:00:00Z,system,MAT000000000000048,Control Valve 02,caf36b91-af87-53fc-8158-13f91aade9d5,L,839.95,EUR,103.795,KG,6,20.000,True
0fe72620-9284-5333-a180-c7cfbeaccc63,2025-07-10T08:00:00Z,system,2025-07-10T08:00:00Z,system,MAT000000000000049,Drill Bit Set 02,e70d53aa-bb36-5382-8414-f85fb1b4cacb,KG,21.61,EUR,67.832,KG,4,100.000,True
29cfd91a-8f49-5d4d-97e2-fb011b81ac36,2025-07-11T08:00:00Z,system,2025-07-11T08:00:00Z,system,MAT000000000000050,Laptop Computer 02,691d9e13-4d57-593c-acb4-8ff0871f82d9,L,1224.72,EUR,18.765,KG,38,25.000,True
fd117bf3-4f4c-5949-a1f5-fab4c43bea6b,2025-07-12T08:00:00Z,system,2025-07-12T08:00:00Z,system,MAT000000000000051,Barcode Scanner 02,2acb4523-efa8-5113-8671-718f714e827d,M,543.36,EUR,52.514,KG,30,20.000,True
f2c4243e-4417-5346-87ed-f7baa4d23a22,2025-07-13T08:00:00Z,system,2025-07-13T08:00:00Z,system,MAT000000000000052,Cleaning Concentrate 02,78a29834-2f00-5ddb-98ac-157ca6d78bba,BOX,1827.70,EUR,84.118,KG,33,25.000,True
432fe540-0407-59ff-82a0-172deb0758ae,2025-07-14T08:00:00Z,system,2025-07-14T08:00:00Z,system,MAT000000000000053,Laboratory Beaker 02,759df8ed-dbb8-5ebd-b398-95fa7f470c78,EA,1642.76,EUR,103.012,KG,56,1.000,True
b121cc73-e21b-5700-aed3-23e3f1122454,2025-07-15T08:00:00Z,system,2025-07-15T08:00:00Z,system,MAT000000000000054,PVC Pipe 02,796ae5a3-0afd-5325-bbfe-ed77e933b62e,EA,565.51,EUR,53.970,KG,57,50.000,True
85f6ae6a-e37a-5c6a-8c20-f972d8291238,2025-07-16T08:00:00Z,system,2025-07-16T08:00:00Z,system,MAT000000000000055,Circuit Breaker 02,352f8b23-c4e6-5bc1-9928-e3680bd83e0d,M,160.96,EUR,0.741,KG,3,1.000,True
d578f14f-d884-5535-b26b-06c05c76a9ec,2025-07-17T08:00:00Z,system,2025-07-17T08:00:00Z,system,MAT000000000000056,Power Supply 02,bff32fdb-82c9-50b2-a43e-d228c5ac24ac,SET,1084.81,EUR,28.553,KG,23,1.000,True
5e0e22e5-d386-54e2-bfeb-2492f8c12bc4,2025-07-18T08:00:00Z,system,2025-07-18T08:00:00Z,system,MAT000000000000057,Conveyor Belt 02,f35026fa-060f-5f11-9a86-269f5666b8e4,L,1868.40,EUR,83.007,KG,6,20.000,True
4510bf5d-95b5-5a36-8ecf-d02e870154c9,2025-07-19T08:00:00Z,system,2025-07-19T08:00:00Z,system,MAT000000000000058,Rubber Gasket 02,4c63ca08-088d-5a08-992c-d37a3c07121b,KG,6.44,EUR,20.489,KG,41,50.000,True
a826e0c2-43dd-5a6b-a002-5f2510a4b1f5,2025-07-20T08:00:00Z,system,2025-07-20T08:00:00Z,system,MAT000000000000059,Welding Electrode 02,55c4127a-8e0c-57e2-8b89-bed0198148ef,L,1343.13,EUR,37.341,KG,56,100.000,True
5638f460-1932-50d2-8453-a3cf94aaa992,2025-07-21T08:00:00Z,system,2025-07-21T08:00:00Z,system,MAT000000000000060,Adhesive Sealant 02,f9b30b47-6010-5ad9-82f0-806e9aade65e,SET,2127.03,EUR,13.448,KG,10,100.000,True
a26b0733-3b42-54db-a022-07e6e0f7182b,2025-07-22T08:00:00Z,system,2025-07-22T08:00:00Z,system,MAT000000000000061,Stainless Steel Sheet 03,10530ccc-b6a7-5f3b-9f30-768a03cef30c,L,2063.19,EUR,68.073,KG,36,25.000,True
65f7e1f5-55a6-5a0e-8cfc-7f783180cb51,2025-07-23T08:00:00Z,system,2025-07-23T08:00:00Z,system,MAT000000000000062,Aluminium Profile 03,a0f96efb-e3df-5d04-bbd8-f7c638ce31b7,L,2058.98,EUR,117.792,KG,52,100.000,True
fd4f25a0-d258-5944-8a33-a22b3cf44a4a,2025-07-24T08:00:00Z,system,2025-07-24T08:00:00Z,system,MAT000000000000063,Copper Wire 03,b708786d-78bc-5ffa-b86f-456f57af9cad,L,856.94,EUR,11.996,KG,11,100.000,True
a006b8e3-6118-5906-998a-865149ed8589,2025-07-25T08:00:00Z,system,2025-07-25T08:00:00Z,system,MAT000000000000064,Ball Bearing 03,d055653d-a48f-5b95-aa61-6d89d00e4ec6,SET,688.77,EUR,30.978,KG,38,10.000,True
c1a24447-ba94-5724-9a1d-064a2c0b2811,2025-07-26T08:00:00Z,system,2025-07-26T08:00:00Z,system,MAT000000000000065,Hex Bolt 03,dd52a956-8e5a-5bc2-85fa-089f9fa3ed5f,SET,1128.62,EUR,114.369,KG,45,50.000,True
5201a455-a5dc-58a5-9da8-b460a7a6e9f4,2025-07-27T08:00:00Z,system,2025-07-27T08:00:00Z,system,MAT000000000000066,Electric Motor 03,55b98412-a87c-5d06-99b1-b52e5bf7ce0f,M,1463.89,EUR,70.195,KG,38,5.000,True
66829174-3fa6-52dd-bbb1-daa7bca60901,2025-07-28T08:00:00Z,system,2025-07-28T08:00:00Z,system,MAT000000000000067,Pressure Sensor 03,2658df6b-27d3-5402-9299-f7c0d6729824,BOX,682.84,EUR,57.322,KG,28,1.000,True
06d90e5a-e269-5465-96ac-4d7026277e09,2025-07-29T08:00:00Z,system,2025-07-29T08:00:00Z,system,MAT000000000000068,PLC Module 03,777e7c37-1e75-51c3-ae1f-c155fd09bb99,L,75.59,EUR,103.598,KG,15,1.000,True
dbd21518-2460-5332-97ca-a826ccd26fd2,2025-07-30T08:00:00Z,system,2025-07-30T08:00:00Z,system,MAT000000000000069,Ethernet Cable 03,e4cee72f-aec8-50d7-9b62-f7b616ca4094,BOX,843.27,EUR,119.494,KG,6,10.000,True
240a2ec2-b97a-51d0-9b66-a85819e5025e,2025-07-31T08:00:00Z,system,2025-07-31T08:00:00Z,system,MAT000000000000070,Corrugated Carton 03,b8ea0922-f2ef-5e72-a3b7-5f823c043cf9,SET,1449.23,EUR,16.212,KG,18,1.000,True
5464a7bf-73cd-5738-b7f9-01c417006d3e,2025-08-01T08:00:00Z,system,2025-08-01T08:00:00Z,system,MAT000000000000071,Stretch Film 03,2edc4fcd-5750-5cec-9cab-555863e23975,EA,1681.72,EUR,30.430,KG,28,1.000,True
16593852-fb65-519c-be07-735e4ccbef8a,2025-08-02T08:00:00Z,system,2025-08-02T08:00:00Z,system,MAT000000000000072,Safety Gloves 03,8dd5d572-569a-56bd-acd8-3be0728ad8a5,SET,516.49,EUR,78.687,KG,49,50.000,True
6c73375b-40a6-5535-9e27-a364e6837ed1,2025-08-03T08:00:00Z,system,2025-08-03T08:00:00Z,system,MAT000000000000073,Protective Glasses 03,caf36b91-af87-53fc-8158-13f91aade9d5,EA,2401.86,EUR,89.588,KG,24,50.000,True
94288f21-6926-5da3-827e-38477bc97581,2025-08-04T08:00:00Z,system,2025-08-04T08:00:00Z,system,MAT000000000000074,Hydraulic Hose 03,e70d53aa-bb36-5382-8414-f85fb1b4cacb,L,1146.55,EUR,86.676,KG,53,10.000,True
26b04983-d84b-57db-acd1-68d00120334b,2025-08-05T08:00:00Z,system,2025-08-05T08:00:00Z,system,MAT000000000000075,Pneumatic Cylinder 03,691d9e13-4d57-593c-acb4-8ff0871f82d9,L,1302.91,EUR,19.183,KG,16,50.000,True
b195eb87-b559-5dc2-9e04-6eabb78ca3ef,2025-08-06T08:00:00Z,system,2025-08-06T08:00:00Z,system,MAT000000000000076,Industrial Filter 03,2acb4523-efa8-5113-8671-718f714e827d,SET,1796.68,EUR,95.282,KG,13,100.000,True
a38ef102-6bca-5f5b-be2f-047c1623d7ef,2025-08-07T08:00:00Z,system,2025-08-07T08:00:00Z,system,MAT000000000000077,Gear Oil 03,78a29834-2f00-5ddb-98ac-157ca6d78bba,EA,2031.07,EUR,82.230,KG,56,50.000,True
e64ca70f-33df-53bc-81e4-7c69dabb1d6d,2025-08-08T08:00:00Z,system,2025-08-08T08:00:00Z,system,MAT000000000000078,Control Valve 03,759df8ed-dbb8-5ebd-b398-95fa7f470c78,M,2181.98,EUR,18.518,KG,8,20.000,True
d3c939e0-3924-58da-a01d-c79899d13ee4,2025-08-09T08:00:00Z,system,2025-08-09T08:00:00Z,system,MAT000000000000079,Drill Bit Set 03,796ae5a3-0afd-5325-bbfe-ed77e933b62e,EA,2289.46,EUR,41.227,KG,37,50.000,True
a56d36d8-7b2d-5bff-ae8b-8d8002e9d564,2025-08-10T08:00:00Z,system,2025-08-10T08:00:00Z,system,MAT000000000000080,Laptop Computer 03,352f8b23-c4e6-5bc1-9928-e3680bd83e0d,L,1249.75,EUR,20.252,KG,6,1.000,True
6d2d9d2e-3534-5a9b-a2d9-67471b6743ab,2025-08-11T08:00:00Z,system,2025-08-11T08:00:00Z,system,MAT000000000000081,Barcode Scanner 03,bff32fdb-82c9-50b2-a43e-d228c5ac24ac,EA,511.93,EUR,32.285,KG,20,25.000,True
272957c5-680c-5583-a4ae-d8350def996c,2025-08-12T08:00:00Z,system,2025-08-12T08:00:00Z,system,MAT000000000000082,Cleaning Concentrate 03,f35026fa-060f-5f11-9a86-269f5666b8e4,BOX,1624.29,EUR,23.345,KG,50,5.000,True
ea35d05e-923f-559e-ad86-6b140ec0bcfd,2025-08-13T08:00:00Z,system,2025-08-13T08:00:00Z,system,MAT000000000000083,Laboratory Beaker 03,4c63ca08-088d-5a08-992c-d37a3c07121b,KG,1.65,EUR,1.472,KG,18,1.000,True
8f727bc4-c2d9-58aa-8c86-102424996793,2025-08-14T08:00:00Z,system,2025-08-14T08:00:00Z,system,MAT000000000000084,PVC Pipe 03,55c4127a-8e0c-57e2-8b89-bed0198148ef,SET,243.47,EUR,65.931,KG,43,5.000,True
bd5e7023-209e-5ff1-a2af-9de8ff638d16,2025-08-15T08:00:00Z,system,2025-08-15T08:00:00Z,system,MAT000000000000085,Circuit Breaker 03,f9b30b47-6010-5ad9-82f0-806e9aade65e,EA,2298.97,EUR,77.455,KG,15,50.000,True
5de012ce-db52-52e5-a612-6e2c3c02623a,2025-08-16T08:00:00Z,system,2025-08-16T08:00:00Z,system,MAT000000000000086,Power Supply 03,10530ccc-b6a7-5f3b-9f30-768a03cef30c,SET,1160.54,EUR,58.314,KG,9,1.000,True
d3ea4cc3-d5fd-5d6d-a8b4-952acbec0290,2025-08-17T08:00:00Z,system,2025-08-17T08:00:00Z,system,MAT000000000000087,Conveyor Belt 03,a0f96efb-e3df-5d04-bbd8-f7c638ce31b7,SET,2175.18,EUR,56.503,KG,34,5.000,True
7f697323-30b6-54c7-bac6-3b08c847d275,2025-08-18T08:00:00Z,system,2025-08-18T08:00:00Z,system,MAT000000000000088,Rubber Gasket 03,b708786d-78bc-5ffa-b86f-456f57af9cad,M,1776.90,EUR,55.459,KG,54,1.000,True
0c9f0a42-1ac7-5282-b469-b088f77d7e6d,2025-08-19T08:00:00Z,system,2025-08-19T08:00:00Z,system,MAT000000000000089,Welding Electrode 03,d055653d-a48f-5b95-aa61-6d89d00e4ec6,BOX,1242.83,EUR,36.472,KG,13,100.000,True
3aa391ce-4ff3-5173-9277-83ce43555c7c,2025-05-22T08:00:00Z,system,2025-05-22T08:00:00Z,system,MAT000000000000090,Adhesive Sealant 03,dd52a956-8e5a-5bc2-85fa-089f9fa3ed5f,L,99.05,EUR,19.265,KG,26,20.000,True
df47ed4b-da4f-5c58-b596-f38d4082538d,2025-05-23T08:00:00Z,system,2025-05-23T08:00:00Z,system,MAT000000000000091,Stainless Steel Sheet 04,55b98412-a87c-5d06-99b1-b52e5bf7ce0f,EA,1504.26,EUR,88.441,KG,43,1.000,True
75c713f1-f5c1-515a-b00c-8a93e54aab54,2025-05-24T08:00:00Z,system,2025-05-24T08:00:00Z,system,MAT000000000000092,Aluminium Profile 04,2658df6b-27d3-5402-9299-f7c0d6729824,L,484.08,EUR,73.139,KG,58,25.000,True
cbe6be44-8e37-53b6-99d6-fc5a8a20190d,2025-05-25T08:00:00Z,system,2025-05-25T08:00:00Z,system,MAT000000000000093,Copper Wire 04,777e7c37-1e75-51c3-ae1f-c155fd09bb99,L,2483.36,EUR,78.655,KG,20,1.000,True
57da00f0-61c9-5674-b533-ab7f1607f838,2025-05-26T08:00:00Z,system,2025-05-26T08:00:00Z,system,MAT000000000000094,Ball Bearing 04,e4cee72f-aec8-50d7-9b62-f7b616ca4094,BOX,993.29,EUR,49.540,KG,32,50.000,True
6b8b9c0c-ca33-51c4-9164-471f4abb4160,2025-05-27T08:00:00Z,system,2025-05-27T08:00:00Z,system,MAT000000000000095,Hex Bolt 04,b8ea0922-f2ef-5e72-a3b7-5f823c043cf9,BOX,1537.64,EUR,100.734,KG,6,50.000,True
4d8b3cb8-4991-55ac-afa4-443fd1749bfb,2025-05-28T08:00:00Z,system,2025-05-28T08:00:00Z,system,MAT000000000000096,Electric Motor 04,2edc4fcd-5750-5cec-9cab-555863e23975,KG,22.51,EUR,0.450,KG,49,10.000,True
35918af3-0428-5cb5-b70c-3960424df494,2025-05-29T08:00:00Z,system,2025-05-29T08:00:00Z,system,MAT000000000000097,Pressure Sensor 04,8dd5d572-569a-56bd-acd8-3be0728ad8a5,KG,21.62,EUR,103.909,KG,19,20.000,True
c95f5935-922a-5171-a5e9-dde46f32a83d,2025-05-30T08:00:00Z,system,2025-05-30T08:00:00Z,system,MAT000000000000098,PLC Module 04,caf36b91-af87-53fc-8158-13f91aade9d5,KG,33.97,EUR,49.952,KG,8,50.000,True
2e938e1a-7d1e-5084-9f28-14acf3a39a7c,2025-05-31T08:00:00Z,system,2025-05-31T08:00:00Z,system,MAT000000000000099,Ethernet Cable 04,e70d53aa-bb36-5382-8414-f85fb1b4cacb,SET,2147.43,EUR,22.969,KG,18,10.000,True
fc75e2a5-ea49-539c-99b7-b2d024e54e2b,2025-06-01T08:00:00Z,system,2025-06-01T08:00:00Z,system,MAT000000000000100,Corrugated Carton 04,691d9e13-4d57-593c-acb4-8ff0871f82d9,BOX,202.22,EUR,35.415,KG,19,5.000,True
c8f2c51c-f8b9-51a7-b2ab-da1f3ac760d6,2025-06-02T08:00:00Z,system,2025-06-02T08:00:00Z,system,MAT000000000000101,Stretch Film 04,2acb4523-efa8-5113-8671-718f714e827d,M,1478.29,EUR,84.553,KG,23,10.000,True
636b0283-9b52-54dd-8753-fde5579db5ce,2025-06-03T08:00:00Z,system,2025-06-03T08:00:00Z,system,MAT000000000000102,Safety Gloves 04,78a29834-2f00-5ddb-98ac-157ca6d78bba,BOX,1622.07,EUR,58.130,KG,50,20.000,True
1dd3c172-1e4d-56ef-89b5-1f44bd31959f,2025-06-04T08:00:00Z,system,2025-06-04T08:00:00Z,system,MAT000000000000103,Protective Glasses 04,759df8ed-dbb8-5ebd-b398-95fa7f470c78,M,2419.50,EUR,31.828,KG,28,10.000,True
9f268dd5-b99b-5f85-935d-cd614d5d12ad,2025-06-05T08:00:00Z,system,2025-06-05T08:00:00Z,system,MAT000000000000104,Hydraulic Hose 04,796ae5a3-0afd-5325-bbfe-ed77e933b62e,KG,25.30,EUR,97.687,KG,2,50.000,True
88ec57c2-4bd1-5167-8c0f-b46a5404ea75,2025-06-06T08:00:00Z,system,2025-06-06T08:00:00Z,system,MAT000000000000105,Pneumatic Cylinder 04,352f8b23-c4e6-5bc1-9928-e3680bd83e0d,M,1165.56,EUR,14.166,KG,55,100.000,True
39525f20-4796-5c5f-b0d5-93b49ff19cd5,2025-06-07T08:00:00Z,system,2025-06-07T08:00:00Z,system,MAT000000000000106,Industrial Filter 04,bff32fdb-82c9-50b2-a43e-d228c5ac24ac,SET,886.40,EUR,106.677,KG,53,25.000,True
ffad296f-4b1b-50b0-b7ea-693c82ec1839,2025-06-08T08:00:00Z,system,2025-06-08T08:00:00Z,system,MAT000000000000107,Gear Oil 04,f35026fa-060f-5f11-9a86-269f5666b8e4,M,695.37,EUR,111.008,KG,11,20.000,True
9c2269ae-4d62-5146-b30e-9e301d4108b0,2025-06-09T08:00:00Z,system,2025-06-09T08:00:00Z,system,MAT000000000000108,Control Valve 04,4c63ca08-088d-5a08-992c-d37a3c07121b,EA,607.68,EUR,15.250,KG,30,25.000,True
8b3ec22a-bd3c-594f-b231-80df5dbed6ff,2025-06-10T08:00:00Z,system,2025-06-10T08:00:00Z,system,MAT000000000000109,Drill Bit Set 04,55c4127a-8e0c-57e2-8b89-bed0198148ef,M,1250.87,EUR,69.177,KG,27,5.000,True
34a9184c-b2a2-5e49-b2fa-ec91dd5c7ccc,2025-06-11T08:00:00Z,system,2025-06-11T08:00:00Z,system,MAT000000000000110,Laptop Computer 04,f9b30b47-6010-5ad9-82f0-806e9aade65e,L,1519.40,EUR,12.019,KG,2,1.000,True
5ff325a3-cf1b-5887-bd0f-e1da5d5e6a57,2025-06-12T08:00:00Z,system,2025-06-12T08:00:00Z,system,MAT000000000000111,Barcode Scanner 04,10530ccc-b6a7-5f3b-9f30-768a03cef30c,BOX,765.30,EUR,33.075,KG,11,10.000,True
8a88a029-d7a6-5756-bff0-19a8dbb9a099,2025-06-13T08:00:00Z,system,2025-06-13T08:00:00Z,system,MAT000000000000112,Cleaning Concentrate 04,a0f96efb-e3df-5d04-bbd8-f7c638ce31b7,L,565.40,EUR,9.531,KG,41,5.000,True
53e0bf46-17ba-5243-bbe5-1d44068c8ac1,2025-06-14T08:00:00Z,system,2025-06-14T08:00:00Z,system,MAT000000000000113,Laboratory Beaker 04,b708786d-78bc-5ffa-b86f-456f57af9cad,EA,74.13,EUR,59.048,KG,22,25.000,True
8152f104-7621-5be4-8056-73ba5b77136f,2025-06-15T08:00:00Z,system,2025-06-15T08:00:00Z,system,MAT000000000000114,PVC Pipe 04,d055653d-a48f-5b95-aa61-6d89d00e4ec6,EA,911.34,EUR,23.233,KG,32,100.000,True
65a789a9-af01-5a64-8f47-133346520088,2025-06-16T08:00:00Z,system,2025-06-16T08:00:00Z,system,MAT000000000000115,Circuit Breaker 04,dd52a956-8e5a-5bc2-85fa-089f9fa3ed5f,L,2295.06,EUR,11.242,KG,46,20.000,True
bbccc08a-f2c9-5ff6-a628-fb59284b03ec,2025-06-17T08:00:00Z,system,2025-06-17T08:00:00Z,system,MAT000000000000116,Power Supply 04,55b98412-a87c-5d06-99b1-b52e5bf7ce0f,SET,101.04,EUR,85.069,KG,14,10.000,True
384f66ad-b02f-5061-83cb-3ace1601e8d3,2025-06-18T08:00:00Z,system,2025-06-18T08:00:00Z,system,MAT000000000000117,Conveyor Belt 04,2658df6b-27d3-5402-9299-f7c0d6729824,SET,1937.77,EUR,91.657,KG,7,50.000,True
4bbe33ac-91fe-5b33-a3a4-57141de4e03e,2025-06-19T08:00:00Z,system,2025-06-19T08:00:00Z,system,MAT000000000000118,Rubber Gasket 04,777e7c37-1e75-51c3-ae1f-c155fd09bb99,M,1791.51,EUR,27.700,KG,18,10.000,True
4cdc5ff6-d193-563c-9400-f57baf1162a6,2025-06-20T08:00:00Z,system,2025-06-20T08:00:00Z,system,MAT000000000000119,Welding Electrode 04,e4cee72f-aec8-50d7-9b62-f7b616ca4094,BOX,938.24,EUR,33.597,KG,3,100.000,True
bf264e10-7f30-5dfa-9770-1c2548ee3255,2025-06-21T08:00:00Z,system,2025-06-21T08:00:00Z,system,MAT000000000000120,Adhesive Sealant 04,b8ea0922-f2ef-5e72-a3b7-5f823c043cf9,EA,1755.48,EUR,14.247,KG,23,5.000,True
c1263224-5b01-5628-b91f-a1409b9c0752,2025-06-22T08:00:00Z,system,2025-06-22T08:00:00Z,system,MAT000000000000121,Stainless Steel Sheet 05,2edc4fcd-5750-5cec-9cab-555863e23975,BOX,1854.65,EUR,37.825,KG,8,100.000,True
99390864-f827-5aef-be8a-287357eedb0f,2025-06-23T08:00:00Z,system,2025-06-23T08:00:00Z,system,MAT000000000000122,Aluminium Profile 05,8dd5d572-569a-56bd-acd8-3be0728ad8a5,BOX,1998.05,EUR,81.991,KG,51,50.000,False
1279ded7-a3ce-5c62-b799-bc522c58f6c5,2025-06-24T08:00:00Z,system,2025-06-24T08:00:00Z,system,MAT000000000000123,Copper Wire 05,caf36b91-af87-53fc-8158-13f91aade9d5,KG,16.22,EUR,54.040,KG,52,50.000,True
cb6ffa8f-0fe6-5b74-b902-9c455baa0e7f,2025-06-25T08:00:00Z,system,2025-06-25T08:00:00Z,system,MAT000000000000124,Ball Bearing 05,e70d53aa-bb36-5382-8414-f85fb1b4cacb,BOX,217.95,EUR,82.855,KG,33,10.000,True
ff7c211a-6fcd-5fa0-9ea1-713837b5f870,2025-06-26T08:00:00Z,system,2025-06-26T08:00:00Z,system,MAT000000000000125,Hex Bolt 05,691d9e13-4d57-593c-acb4-8ff0871f82d9,SET,1575.07,EUR,44.891,KG,60,25.000,True
dac566e3-7998-519e-827e-c56affe7618f,2025-06-27T08:00:00Z,system,2025-06-27T08:00:00Z,system,MAT000000000000126,Electric Motor 05,2acb4523-efa8-5113-8671-718f714e827d,EA,1878.29,EUR,76.362,KG,12,100.000,True
781e49c0-8999-50e8-9276-e1fc0e9e29ca,2025-06-28T08:00:00Z,system,2025-06-28T08:00:00Z,system,MAT000000000000127,Pressure Sensor 05,78a29834-2f00-5ddb-98ac-157ca6d78bba,EA,2336.21,EUR,94.069,KG,43,25.000,True
af970570-0e69-5aa7-a1fd-93cea6d022c8,2025-06-29T08:00:00Z,system,2025-06-29T08:00:00Z,system,MAT000000000000128,PLC Module 05,759df8ed-dbb8-5ebd-b398-95fa7f470c78,BOX,766.35,EUR,48.196,KG,8,5.000,True
7bbe83f1-c77e-5ae0-b99e-e216e600e89f,2025-06-30T08:00:00Z,system,2025-06-30T08:00:00Z,system,MAT000000000000129,Ethernet Cable 05,796ae5a3-0afd-5325-bbfe-ed77e933b62e,KG,25.38,EUR,27.365,KG,26,5.000,True
8ffbee35-114e-52c9-982d-47f2ee96df4a,2025-07-01T08:00:00Z,system,2025-07-01T08:00:00Z,system,MAT000000000000130,Corrugated Carton 05,352f8b23-c4e6-5bc1-9928-e3680bd83e0d,EA,808.76,EUR,30.612,KG,31,50.000,True
0a95d286-40e6-5f4e-bce8-380f86c5e052,2025-07-02T08:00:00Z,system,2025-07-02T08:00:00Z,system,MAT000000000000131,Stretch Film 05,bff32fdb-82c9-50b2-a43e-d228c5ac24ac,BOX,1481.51,EUR,37.447,KG,22,10.000,True
d7792ea6-2faa-5ee1-b515-6b526ad9efbb,2025-07-03T08:00:00Z,system,2025-07-03T08:00:00Z,system,MAT000000000000132,Safety Gloves 05,f35026fa-060f-5f11-9a86-269f5666b8e4,BOX,1441.26,EUR,13.085,KG,13,50.000,True
0804c1cc-15f6-549d-b061-a4423dc8fcac,2025-07-04T08:00:00Z,system,2025-07-04T08:00:00Z,system,MAT000000000000133,Protective Glasses 05,4c63ca08-088d-5a08-992c-d37a3c07121b,EA,337.77,EUR,25.963,KG,40,5.000,True
25d66eb3-16e0-54c3-bcbc-0f87d2c22b95,2025-07-05T08:00:00Z,system,2025-07-05T08:00:00Z,system,MAT000000000000134,Hydraulic Hose 05,55c4127a-8e0c-57e2-8b89-bed0198148ef,EA,795.29,EUR,81.182,KG,2,1.000,True
c72d85f2-1053-502b-bd90-efeb25b78b61,2025-07-06T08:00:00Z,system,2025-07-06T08:00:00Z,system,MAT000000000000135,Pneumatic Cylinder 05,f9b30b47-6010-5ad9-82f0-806e9aade65e,L,516.46,EUR,31.130,KG,53,50.000,True
6888476b-380f-570d-8a87-551948fe535a,2025-07-07T08:00:00Z,system,2025-07-07T08:00:00Z,system,MAT000000000000136,Industrial Filter 05,10530ccc-b6a7-5f3b-9f30-768a03cef30c,M,1039.95,EUR,85.146,KG,10,10.000,True
6febc7d4-a6f9-547c-bdef-f6c3c7cebf1b,2025-07-08T08:00:00Z,system,2025-07-08T08:00:00Z,system,MAT000000000000137,Gear Oil 05,a0f96efb-e3df-5d04-bbd8-f7c638ce31b7,BOX,998.47,EUR,34.420,KG,2,1.000,True
6cfb6402-60b6-52cc-80a2-aa3c8d1d7363,2025-07-09T08:00:00Z,system,2025-07-09T08:00:00Z,system,MAT000000000000138,Control Valve 05,b708786d-78bc-5ffa-b86f-456f57af9cad,SET,1386.39,EUR,106.507,KG,31,50.000,True
4b8dedda-2e93-5a49-80c4-4876ab55500f,2025-07-10T08:00:00Z,system,2025-07-10T08:00:00Z,system,MAT000000000000139,Drill Bit Set 05,d055653d-a48f-5b95-aa61-6d89d00e4ec6,EA,1189.34,EUR,69.848,KG,24,10.000,True
8407ccad-dc71-5f5d-bf6c-5c34f5e1b0ce,2025-07-11T08:00:00Z,system,2025-07-11T08:00:00Z,system,MAT000000000000140,Laptop Computer 05,dd52a956-8e5a-5bc2-85fa-089f9fa3ed5f,M,1826.52,EUR,6.282,KG,8,25.000,True
c88caae9-8b8b-568d-892c-8e1ca200c581,2025-07-12T08:00:00Z,system,2025-07-12T08:00:00Z,system,MAT000000000000141,Barcode Scanner 05,55b98412-a87c-5d06-99b1-b52e5bf7ce0f,BOX,1449.04,EUR,25.918,KG,53,25.000,True
c13f04ef-297f-5b4a-879c-32e437691f2f,2025-07-13T08:00:00Z,system,2025-07-13T08:00:00Z,system,MAT000000000000142,Cleaning Concentrate 05,2658df6b-27d3-5402-9299-f7c0d6729824,M,1196.09,EUR,45.108,KG,27,25.000,True
81934ea3-15d5-5130-8a88-15160030bb8c,2025-07-14T08:00:00Z,system,2025-07-14T08:00:00Z,system,MAT000000000000143,Laboratory Beaker 05,777e7c37-1e75-51c3-ae1f-c155fd09bb99,BOX,1846.45,EUR,65.533,KG,3,10.000,True
105849c8-03f2-573d-9e97-230d47fc6774,2025-07-15T08:00:00Z,system,2025-07-15T08:00:00Z,system,MAT000000000000144,PVC Pipe 05,e4cee72f-aec8-50d7-9b62-f7b616ca4094,SET,1465.49,EUR,59.446,KG,4,5.000,True
5c00c635-ab30-509c-930a-9c3027c73ba1,2025-07-16T08:00:00Z,system,2025-07-16T08:00:00Z,system,MAT000000000000145,Circuit Breaker 05,b8ea0922-f2ef-5e72-a3b7-5f823c043cf9,BOX,1697.10,EUR,33.585,KG,4,1.000,True
6409ea13-8e69-5a7d-8700-a21076b19964,2025-07-17T08:00:00Z,system,2025-07-17T08:00:00Z,system,MAT000000000000146,Power Supply 05,2edc4fcd-5750-5cec-9cab-555863e23975,EA,89.39,EUR,28.103,KG,31,10.000,True
3f3309b3-487e-54de-ae3f-de56ef31378f,2025-07-18T08:00:00Z,system,2025-07-18T08:00:00Z,system,MAT000000000000147,Conveyor Belt 05,8dd5d572-569a-56bd-acd8-3be0728ad8a5,BOX,2433.26,EUR,105.087,KG,8,1.000,True
d0cb5824-8127-5ca6-8364-98b5469fc7c7,2025-07-19T08:00:00Z,system,2025-07-19T08:00:00Z,system,MAT000000000000148,Rubber Gasket 05,caf36b91-af87-53fc-8158-13f91aade9d5,EA,1162.16,EUR,15.646,KG,29,20.000,True
7ca4c0eb-249c-5459-9122-836398535a4b,2025-07-20T08:00:00Z,system,2025-07-20T08:00:00Z,system,MAT000000000000149,Welding Electrode 05,e70d53aa-bb36-5382-8414-f85fb1b4cacb,L,2153.38,EUR,69.498,KG,47,50.000,True
b847b69b-3807-57f7-85b1-bf879953e4f1,2025-07-21T08:00:00Z,system,2025-07-21T08:00:00Z,system,MAT000000000000150,Adhesive Sealant 05,691d9e13-4d57-593c-acb4-8ff0871f82d9,KG,32.10,EUR,81.772,KG,35,100.000,True
6ac6dbb0-6c7a-557d-b7d3-20ec8a1e7bc9,2025-07-22T08:00:00Z,system,2025-07-22T08:00:00Z,system,MAT000000000000151,Stainless Steel Sheet 06,2acb4523-efa8-5113-8671-718f714e827d,SET,1039.30,EUR,65.181,KG,21,50.000,True
e8785cbc-7b69-5687-b699-d292f70bdc74,2025-07-23T08:00:00Z,system,2025-07-23T08:00:00Z,system,MAT000000000000152,Aluminium Profile 06,78a29834-2f00-5ddb-98ac-157ca6d78bba,SET,1789.82,EUR,14.045,KG,52,5.000,True
7c9ec527-9eb0-52c4-b207-8cf0cae25caf,2025-07-24T08:00:00Z,system,2025-07-24T08:00:00Z,system,MAT000000000000153,Copper Wire 06,759df8ed-dbb8-5ebd-b398-95fa7f470c78,M,1998.61,EUR,6.953,KG,15,100.000,True
cf47eab7-b618-56ca-8312-fe97b2569fb6,2025-07-25T08:00:00Z,system,2025-07-25T08:00:00Z,system,MAT000000000000154,Ball Bearing 06,796ae5a3-0afd-5325-bbfe-ed77e933b62e,BOX,398.07,EUR,7.593,KG,21,100.000,True
a9f39542-a399-5602-91a0-db378fe1532d,2025-07-26T08:00:00Z,system,2025-07-26T08:00:00Z,system,MAT000000000000155,Hex Bolt 06,352f8b23-c4e6-5bc1-9928-e3680bd83e0d,KG,31.85,EUR,113.796,KG,30,20.000,True
62215843-653f-5439-87fb-5f7f5b5dcd02,2025-07-27T08:00:00Z,system,2025-07-27T08:00:00Z,system,MAT000000000000156,Electric Motor 06,bff32fdb-82c9-50b2-a43e-d228c5ac24ac,L,309.47,EUR,106.049,KG,59,100.000,True
4d7c024a-2045-5e6d-bce5-30a3caf00779,2025-07-28T08:00:00Z,system,2025-07-28T08:00:00Z,system,MAT000000000000157,Pressure Sensor 06,f35026fa-060f-5f11-9a86-269f5666b8e4,EA,1139.34,EUR,73.364,KG,10,20.000,True
4cb50627-8198-5765-9d5a-9d272c8ce58b,2025-07-29T08:00:00Z,system,2025-07-29T08:00:00Z,system,MAT000000000000158,PLC Module 06,4c63ca08-088d-5a08-992c-d37a3c07121b,M,733.55,EUR,42.867,KG,28,20.000,True
7e59f4f1-d7ce-51df-b9a3-a70a1b1ee546,2025-07-30T08:00:00Z,system,2025-07-30T08:00:00Z,system,MAT000000000000159,Ethernet Cable 06,55c4127a-8e0c-57e2-8b89-bed0198148ef,EA,2330.61,EUR,25.858,KG,5,100.000,True
8e000456-a6ac-57d9-b9cb-0522d8da4203,2025-07-31T08:00:00Z,system,2025-07-31T08:00:00Z,system,MAT000000000000160,Corrugated Carton 06,f9b30b47-6010-5ad9-82f0-806e9aade65e,KG,18.22,EUR,13.705,KG,59,50.000,True
4e2b69ff-67fe-5475-b0ba-3e2a02c6b70b,2025-08-01T08:00:00Z,system,2025-08-01T08:00:00Z,system,MAT000000000000161,Stretch Film 06,10530ccc-b6a7-5f3b-9f30-768a03cef30c,SET,1767.62,EUR,32.160,KG,7,100.000,True
a09d3b3c-22f6-56c6-93d4-2863d0444e94,2025-08-02T08:00:00Z,system,2025-08-02T08:00:00Z,system,MAT000000000000162,Safety Gloves 06,a0f96efb-e3df-5d04-bbd8-f7c638ce31b7,L,1594.47,EUR,48.051,KG,51,20.000,True
d96ec281-e3a6-5aba-b6f4-379e05515ef4,2025-08-03T08:00:00Z,system,2025-08-03T08:00:00Z,system,MAT000000000000163,Protective Glasses 06,b708786d-78bc-5ffa-b86f-456f57af9cad,SET,1276.86,EUR,42.151,KG,32,10.000,True
a7d2c2da-af08-5f66-aad4-f45b74b00edb,2025-08-04T08:00:00Z,system,2025-08-04T08:00:00Z,system,MAT000000000000164,Hydraulic Hose 06,d055653d-a48f-5b95-aa61-6d89d00e4ec6,L,2418.48,EUR,3.835,KG,50,25.000,True
75f1b42f-e0d3-559b-883f-62a8bd802d21,2025-08-05T08:00:00Z,system,2025-08-05T08:00:00Z,system,MAT000000000000165,Pneumatic Cylinder 06,dd52a956-8e5a-5bc2-85fa-089f9fa3ed5f,L,21.32,EUR,8.497,KG,42,50.000,True
15f3b8aa-4649-5a10-a707-45aa1b2b3bf5,2025-08-06T08:00:00Z,system,2025-08-06T08:00:00Z,system,MAT000000000000166,Industrial Filter 06,55b98412-a87c-5d06-99b1-b52e5bf7ce0f,L,2093.25,EUR,50.834,KG,60,10.000,True
596f3822-e07b-55ed-bd48-239fb3db0e77,2025-08-07T08:00:00Z,system,2025-08-07T08:00:00Z,system,MAT000000000000167,Gear Oil 06,2658df6b-27d3-5402-9299-f7c0d6729824,KG,25.32,EUR,7.966,KG,48,25.000,True
b814d1af-9d7a-58a3-bcbc-2613f354645c,2025-08-08T08:00:00Z,system,2025-08-08T08:00:00Z,system,MAT000000000000168,Control Valve 06,777e7c37-1e75-51c3-ae1f-c155fd09bb99,L,1290.89,EUR,7.654,KG,44,10.000,True
32549e95-8264-5b06-ac4c-4f93e09d17a2,2025-08-09T08:00:00Z,system,2025-08-09T08:00:00Z,system,MAT000000000000169,Drill Bit Set 06,e4cee72f-aec8-50d7-9b62-f7b616ca4094,BOX,1161.06,EUR,117.766,KG,40,1.000,True
76540a83-8375-53ea-a170-4e4e171d11cd,2025-08-10T08:00:00Z,system,2025-08-10T08:00:00Z,system,MAT000000000000170,Laptop Computer 06,b8ea0922-f2ef-5e72-a3b7-5f823c043cf9,KG,28.35,EUR,30.734,KG,23,50.000,True
f46e710e-59a3-5c1a-8c50-f246a4fb78ab,2025-08-11T08:00:00Z,system,2025-08-11T08:00:00Z,system,MAT000000000000171,Barcode Scanner 06,2edc4fcd-5750-5cec-9cab-555863e23975,L,2181.78,EUR,3.133,KG,35,5.000,True
b7445b03-ff12-5031-afe2-33e925c82fd3,2025-08-12T08:00:00Z,system,2025-08-12T08:00:00Z,system,MAT000000000000172,Cleaning Concentrate 06,8dd5d572-569a-56bd-acd8-3be0728ad8a5,BOX,322.46,EUR,119.329,KG,53,50.000,True
5ed4476d-3306-5591-960f-4c8a96c6dae8,2025-08-13T08:00:00Z,system,2025-08-13T08:00:00Z,system,MAT000000000000173,Laboratory Beaker 06,caf36b91-af87-53fc-8158-13f91aade9d5,BOX,1761.00,EUR,20.820,KG,23,1.000,True
219cd16c-a048-5e62-90b0-7924b1431b82,2025-08-14T08:00:00Z,system,2025-08-14T08:00:00Z,system,MAT000000000000174,PVC Pipe 06,e70d53aa-bb36-5382-8414-f85fb1b4cacb,L,1317.52,EUR,68.474,KG,50,10.000,True
f74e00d0-5597-5c85-9d8e-7ce030bdb99d,2025-08-15T08:00:00Z,system,2025-08-15T08:00:00Z,system,MAT000000000000175,Circuit Breaker 06,691d9e13-4d57-593c-acb4-8ff0871f82d9,EA,1029.65,EUR,17.639,KG,46,100.000,True
ba5523d6-66ae-54e6-9e20-1e373c65f38b,2025-08-16T08:00:00Z,system,2025-08-16T08:00:00Z,system,MAT000000000000176,Power Supply 06,2acb4523-efa8-5113-8671-718f714e827d,M,1979.90,EUR,78.529,KG,47,25.000,True
972054fa-e98c-5fa7-b5a0-eef2c0bddc26,2025-08-17T08:00:00Z,system,2025-08-17T08:00:00Z,system,MAT000000000000177,Conveyor Belt 06,78a29834-2f00-5ddb-98ac-157ca6d78bba,M,816.16,EUR,11.943,KG,44,1.000,True
accc637f-3162-5d58-877b-1b8457c93561,2025-08-18T08:00:00Z,system,2025-08-18T08:00:00Z,system,MAT000000000000178,Rubber Gasket 06,759df8ed-dbb8-5ebd-b398-95fa7f470c78,L,1453.63,EUR,93.561,KG,33,20.000,True
3c91ccd6-92b6-5bb1-a450-2e87cd24008e,2025-08-19T08:00:00Z,system,2025-08-19T08:00:00Z,system,MAT000000000000179,Welding Electrode 06,796ae5a3-0afd-5325-bbfe-ed77e933b62e,L,121.04,EUR,85.371,KG,7,5.000,True
7a0573af-19d9-5fce-a1fb-edef3b2a16d3,2025-05-22T08:00:00Z,system,2025-05-22T08:00:00Z,system,MAT000000000000180,Adhesive Sealant 06,352f8b23-c4e6-5bc1-9928-e3680bd83e0d,EA,1924.96,EUR,35.646,KG,52,25.000,True
8d9d0fdb-dc82-543c-8c83-c722c23d8840,2025-05-23T08:00:00Z,system,2025-05-23T08:00:00Z,system,MAT000000000000181,Stainless Steel Sheet 07,bff32fdb-82c9-50b2-a43e-d228c5ac24ac,EA,751.97,EUR,44.138,KG,5,25.000,True
4cdd9f3f-a827-56ea-9bb0-828fa902a883,2025-05-24T08:00:00Z,system,2025-05-24T08:00:00Z,system,MAT000000000000182,Aluminium Profile 07,f35026fa-060f-5f11-9a86-269f5666b8e4,KG,1.53,EUR,74.460,KG,30,1.000,True
ff9d3a31-fca6-52bf-8e11-bad09771c87f,2025-05-25T08:00:00Z,system,2025-05-25T08:00:00Z,system,MAT000000000000183,Copper Wire 07,4c63ca08-088d-5a08-992c-d37a3c07121b,KG,25.71,EUR,10.291,KG,15,5.000,True
8c4308df-7ca4-593e-8ebe-c6de544847fa,2025-05-26T08:00:00Z,system,2025-05-26T08:00:00Z,system,MAT000000000000184,Ball Bearing 07,55c4127a-8e0c-57e2-8b89-bed0198148ef,L,2028.95,EUR,15.210,KG,5,25.000,True
72fab673-0e1b-50ad-a07f-80c4221c1763,2025-05-27T08:00:00Z,system,2025-05-27T08:00:00Z,system,MAT000000000000185,Hex Bolt 07,f9b30b47-6010-5ad9-82f0-806e9aade65e,BOX,2162.41,EUR,30.912,KG,8,50.000,True
4b2dee46-41cf-5eee-b0e3-93ee894cef45,2025-05-28T08:00:00Z,system,2025-05-28T08:00:00Z,system,MAT000000000000186,Electric Motor 07,10530ccc-b6a7-5f3b-9f30-768a03cef30c,SET,2195.08,EUR,91.106,KG,15,5.000,True
452e2331-a466-542c-832b-33425b59e07a,2025-05-29T08:00:00Z,system,2025-05-29T08:00:00Z,system,MAT000000000000187,Pressure Sensor 07,a0f96efb-e3df-5d04-bbd8-f7c638ce31b7,EA,2271.23,EUR,63.525,KG,35,100.000,True
11bcb360-c513-556e-a8ed-3b43d3afbb6d,2025-05-30T08:00:00Z,system,2025-05-30T08:00:00Z,system,MAT000000000000188,PLC Module 07,b708786d-78bc-5ffa-b86f-456f57af9cad,L,2135.30,EUR,16.895,KG,52,25.000,True
594e1f7d-2ddb-5853-a485-9177631a4db6,2025-05-31T08:00:00Z,system,2025-05-31T08:00:00Z,system,MAT000000000000189,Ethernet Cable 07,d055653d-a48f-5b95-aa61-6d89d00e4ec6,BOX,1173.16,EUR,0.657,KG,3,50.000,True
d1656ddc-1679-5818-bc75-a4cf9404839a,2025-06-01T08:00:00Z,system,2025-06-01T08:00:00Z,system,MAT000000000000190,Corrugated Carton 07,dd52a956-8e5a-5bc2-85fa-089f9fa3ed5f,M,174.70,EUR,79.759,KG,52,10.000,True
d6f533a8-8f0b-5261-807a-7b1afa741e60,2025-06-02T08:00:00Z,system,2025-06-02T08:00:00Z,system,MAT000000000000191,Stretch Film 07,55b98412-a87c-5d06-99b1-b52e5bf7ce0f,KG,4.37,EUR,98.597,KG,32,5.000,True
3686479f-e462-5c48-9c5a-4cbf814179f1,2025-06-03T08:00:00Z,system,2025-06-03T08:00:00Z,system,MAT000000000000192,Safety Gloves 07,2658df6b-27d3-5402-9299-f7c0d6729824,M,243.41,EUR,92.171,KG,9,50.000,True
40f7edb2-203b-5446-a8cb-ca4462c89fb6,2025-06-04T08:00:00Z,system,2025-06-04T08:00:00Z,system,MAT000000000000193,Protective Glasses 07,777e7c37-1e75-51c3-ae1f-c155fd09bb99,SET,1688.91,EUR,17.523,KG,6,5.000,True
d7d105d2-074c-5725-8033-75f4abb592a8,2025-06-05T08:00:00Z,system,2025-06-05T08:00:00Z,system,MAT000000000000194,Hydraulic Hose 07,e4cee72f-aec8-50d7-9b62-f7b616ca4094,M,562.95,EUR,40.166,KG,23,25.000,False
70c1e335-53e1-5df8-b343-82e92d1eab19,2025-06-06T08:00:00Z,system,2025-06-06T08:00:00Z,system,MAT000000000000195,Pneumatic Cylinder 07,b8ea0922-f2ef-5e72-a3b7-5f823c043cf9,M,108.86,EUR,3.579,KG,9,50.000,True
7e0dc5fc-446c-5a88-b96d-e4554891eeb1,2025-06-07T08:00:00Z,system,2025-06-07T08:00:00Z,system,MAT000000000000196,Industrial Filter 07,2edc4fcd-5750-5cec-9cab-555863e23975,L,1242.06,EUR,31.802,KG,21,10.000,True
24e149d4-fbad-5890-a7ee-15a416fd63bc,2025-06-08T08:00:00Z,system,2025-06-08T08:00:00Z,system,MAT000000000000197,Gear Oil 07,8dd5d572-569a-56bd-acd8-3be0728ad8a5,SET,282.56,EUR,46.287,KG,14,10.000,True
9f72fcd8-0de5-52ab-8f85-0c7e59529a02,2025-06-09T08:00:00Z,system,2025-06-09T08:00:00Z,system,MAT000000000000198,Control Valve 07,caf36b91-af87-53fc-8158-13f91aade9d5,EA,372.09,EUR,9.073,KG,26,50.000,True
19e5854c-015a-5974-997b-3ccb05e32d73,2025-06-10T08:00:00Z,system,2025-06-10T08:00:00Z,system,MAT000000000000199,Drill Bit Set 07,e70d53aa-bb36-5382-8414-f85fb1b4cacb,M,430.02,EUR,35.793,KG,22,20.000,True
9390c973-ffaf-555f-9cb1-d1547db4c4d9,2025-06-11T08:00:00Z,system,2025-06-11T08:00:00Z,system,MAT000000000000200,Laptop Computer 07,691d9e13-4d57-593c-acb4-8ff0871f82d9,SET,1591.66,EUR,80.409,KG,15,20.000,True
40252466-922e-50d3-92f3-752f91ac6fff,2025-06-12T08:00:00Z,system,2025-06-12T08:00:00Z,system,MAT000000000000201,Barcode Scanner 07,2acb4523-efa8-5113-8671-718f714e827d,L,1884.41,EUR,6.098,KG,42,25.000,True
33a77c1e-2f02-54f3-aaf8-2d033e03a54f,2025-06-13T08:00:00Z,system,2025-06-13T08:00:00Z,system,MAT000000000000202,Cleaning Concentrate 07,78a29834-2f00-5ddb-98ac-157ca6d78bba,EA,288.93,EUR,32.586,KG,13,20.000,True
1b30f45e-0d32-58be-8b74-c6b2411df44a,2025-06-14T08:00:00Z,system,2025-06-14T08:00:00Z,system,MAT000000000000203,Laboratory Beaker 07,759df8ed-dbb8-5ebd-b398-95fa7f470c78,EA,2136.02,EUR,56.571,KG,50,50.000,True
fb8c381b-c548-5976-8e12-26f8e47df79d,2025-06-15T08:00:00Z,system,2025-06-15T08:00:00Z,system,MAT000000000000204,PVC Pipe 07,796ae5a3-0afd-5325-bbfe-ed77e933b62e,KG,9.38,EUR,69.308,KG,10,10.000,True
2e04e317-f482-5ac1-936d-a38a95e8c762,2025-06-16T08:00:00Z,system,2025-06-16T08:00:00Z,system,MAT000000000000205,Circuit Breaker 07,352f8b23-c4e6-5bc1-9928-e3680bd83e0d,M,1774.34,EUR,20.467,KG,40,1.000,True
b5842b92-2db0-59f1-bfed-7a5db5a20938,2025-06-17T08:00:00Z,system,2025-06-17T08:00:00Z,system,MAT000000000000206,Power Supply 07,bff32fdb-82c9-50b2-a43e-d228c5ac24ac,L,324.88,EUR,36.677,KG,22,100.000,True
748d36d0-ad0a-5e2f-ae52-4b9bd4ac6a44,2025-06-18T08:00:00Z,system,2025-06-18T08:00:00Z,system,MAT000000000000207,Conveyor Belt 07,f35026fa-060f-5f11-9a86-269f5666b8e4,M,1835.42,EUR,85.596,KG,9,100.000,True
51a7a682-3b4d-51e0-bc82-813005d006b8,2025-06-19T08:00:00Z,system,2025-06-19T08:00:00Z,system,MAT000000000000208,Rubber Gasket 07,4c63ca08-088d-5a08-992c-d37a3c07121b,BOX,1875.73,EUR,115.659,KG,36,5.000,True
74ec4245-16d4-59ad-a64b-e56056485a1c,2025-06-20T08:00:00Z,system,2025-06-20T08:00:00Z,system,MAT000000000000209,Welding Electrode 07,55c4127a-8e0c-57e2-8b89-bed0198148ef,EA,2403.05,EUR,91.155,KG,39,10.000,True
559354e7-7937-5578-baa8-6d7ae9f39b6f,2025-06-21T08:00:00Z,system,2025-06-21T08:00:00Z,system,MAT000000000000210,Adhesive Sealant 07,f9b30b47-6010-5ad9-82f0-806e9aade65e,BOX,928.28,EUR,30.427,KG,44,20.000,True
7206ba99-aabc-58a4-962c-b600c27e265f,2025-06-22T08:00:00Z,system,2025-06-22T08:00:00Z,system,MAT000000000000211,Stainless Steel Sheet 08,10530ccc-b6a7-5f3b-9f30-768a03cef30c,KG,34.37,EUR,88.376,KG,43,1.000,True
4c30fa9e-b4c6-593b-975f-b5c99a3fa9b1,2025-06-23T08:00:00Z,system,2025-06-23T08:00:00Z,system,MAT000000000000212,Aluminium Profile 08,a0f96efb-e3df-5d04-bbd8-f7c638ce31b7,M,542.93,EUR,67.695,KG,4,25.000,True
8d01b374-77d2-5c26-8153-6ec890456ef4,2025-06-24T08:00:00Z,system,2025-06-24T08:00:00Z,system,MAT000000000000213,Copper Wire 08,b708786d-78bc-5ffa-b86f-456f57af9cad,KG,31.64,EUR,84.672,KG,55,5.000,True
17594ecd-2424-57ab-85b5-deef54d20340,2025-06-25T08:00:00Z,system,2025-06-25T08:00:00Z,system,MAT000000000000214,Ball Bearing 08,d055653d-a48f-5b95-aa61-6d89d00e4ec6,L,860.78,EUR,60.351,KG,40,50.000,True
dc06185f-0801-58aa-86b9-6df5bf774217,2025-06-26T08:00:00Z,system,2025-06-26T08:00:00Z,system,MAT000000000000215,Hex Bolt 08,dd52a956-8e5a-5bc2-85fa-089f9fa3ed5f,L,823.32,EUR,15.845,KG,17,5.000,True
3b977897-9c14-59e5-a889-922436cc6be2,2025-06-27T08:00:00Z,system,2025-06-27T08:00:00Z,system,MAT000000000000216,Electric Motor 08,55b98412-a87c-5d06-99b1-b52e5bf7ce0f,EA,534.22,EUR,98.984,KG,21,100.000,True
d8fcbf1f-1dd7-50af-8261-2da45ed17eae,2025-06-28T08:00:00Z,system,2025-06-28T08:00:00Z,system,MAT000000000000217,Pressure Sensor 08,2658df6b-27d3-5402-9299-f7c0d6729824,EA,278.80,EUR,84.031,KG,53,1.000,True
03f34b44-1652-577f-950a-78af8cdc601f,2025-06-29T08:00:00Z,system,2025-06-29T08:00:00Z,system,MAT000000000000218,PLC Module 08,777e7c37-1e75-51c3-ae1f-c155fd09bb99,L,1124.08,EUR,22.082,KG,21,5.000,True
0c3785e3-7d1b-5f41-95de-b2299b8dd699,2025-06-30T08:00:00Z,system,2025-06-30T08:00:00Z,system,MAT000000000000219,Ethernet Cable 08,e4cee72f-aec8-50d7-9b62-f7b616ca4094,M,1087.29,EUR,107.279,KG,9,1.000,True
7fb17ba4-6dd3-5a8b-a71f-be9e5b3c1f9a,2025-07-01T08:00:00Z,system,2025-07-01T08:00:00Z,system,MAT000000000000220,Corrugated Carton 08,b8ea0922-f2ef-5e72-a3b7-5f823c043cf9,KG,32.77,EUR,40.831,KG,8,25.000,True
6c7c41de-f18d-5d68-9697-8f8c32cb9e5e,2025-07-02T08:00:00Z,system,2025-07-02T08:00:00Z,system,MAT000000000000221,Stretch Film 08,2edc4fcd-5750-5cec-9cab-555863e23975,M,1890.09,EUR,22.144,KG,36,1.000,False
a77973af-89ac-57a4-be5e-db2cafc9e932,2025-07-03T08:00:00Z,system,2025-07-03T08:00:00Z,system,MAT000000000000222,Safety Gloves 08,8dd5d572-569a-56bd-acd8-3be0728ad8a5,BOX,1256.23,EUR,108.948,KG,43,100.000,True
6f6ad8c3-8d1e-5146-9dca-8c2c4a2557ec,2025-07-04T08:00:00Z,system,2025-07-04T08:00:00Z,system,MAT000000000000223,Protective Glasses 08,caf36b91-af87-53fc-8158-13f91aade9d5,KG,20.05,EUR,14.375,KG,26,25.000,True
9c244d41-3489-5976-bcdb-b0d76c2237a9,2025-07-05T08:00:00Z,system,2025-07-05T08:00:00Z,system,MAT000000000000224,Hydraulic Hose 08,e70d53aa-bb36-5382-8414-f85fb1b4cacb,KG,26.93,EUR,2.092,KG,45,10.000,True
95b589d9-d0fa-5b0b-97dc-32e0f9a9f036,2025-07-06T08:00:00Z,system,2025-07-06T08:00:00Z,system,MAT000000000000225,Pneumatic Cylinder 08,691d9e13-4d57-593c-acb4-8ff0871f82d9,EA,1490.18,EUR,13.939,KG,34,100.000,True
d82bd767-f5ed-57ab-a2c9-406318f72bc2,2025-07-07T08:00:00Z,system,2025-07-07T08:00:00Z,system,MAT000000000000226,Industrial Filter 08,2acb4523-efa8-5113-8671-718f714e827d,L,67.70,EUR,48.349,KG,19,5.000,True
05a4f991-84c1-5839-9f40-938f84dcd65e,2025-07-08T08:00:00Z,system,2025-07-08T08:00:00Z,system,MAT000000000000227,Gear Oil 08,78a29834-2f00-5ddb-98ac-157ca6d78bba,M,1434.40,EUR,109.722,KG,40,20.000,True
433f80c2-05f6-5b18-bf74-adc19e89d6f1,2025-07-09T08:00:00Z,system,2025-07-09T08:00:00Z,system,MAT000000000000228,Control Valve 08,759df8ed-dbb8-5ebd-b398-95fa7f470c78,BOX,2373.98,EUR,86.341,KG,40,5.000,False
6f137624-ae20-5016-9d90-8e735016ca60,2025-07-10T08:00:00Z,system,2025-07-10T08:00:00Z,system,MAT000000000000229,Drill Bit Set 08,796ae5a3-0afd-5325-bbfe-ed77e933b62e,BOX,2022.98,EUR,95.059,KG,8,50.000,True
80c11da5-9f8d-5b62-9f22-c377427c0d7f,2025-07-11T08:00:00Z,system,2025-07-11T08:00:00Z,system,MAT000000000000230,Laptop Computer 08,352f8b23-c4e6-5bc1-9928-e3680bd83e0d,M,1730.90,EUR,22.234,KG,43,25.000,True
60f8eac8-7f04-549c-a5f3-331eb9014d8a,2025-07-12T08:00:00Z,system,2025-07-12T08:00:00Z,system,MAT000000000000231,Barcode Scanner 08,bff32fdb-82c9-50b2-a43e-d228c5ac24ac,SET,201.91,EUR,119.100,KG,38,1.000,True
aa609c4e-2fa3-5db5-a548-e837797b7ec8,2025-07-13T08:00:00Z,system,2025-07-13T08:00:00Z,system,MAT000000000000232,Cleaning Concentrate 08,f35026fa-060f-5f11-9a86-269f5666b8e4,SET,1995.02,EUR,16.342,KG,50,50.000,True
79756df9-78e3-5df8-ad70-cff390e99aff,2025-07-14T08:00:00Z,system,2025-07-14T08:00:00Z,system,MAT000000000000233,Laboratory Beaker 08,4c63ca08-088d-5a08-992c-d37a3c07121b,EA,870.49,EUR,73.703,KG,4,25.000,True
946b9def-1c5e-5d38-8f79-05db3b27b218,2025-07-15T08:00:00Z,system,2025-07-15T08:00:00Z,system,MAT000000000000234,PVC Pipe 08,55c4127a-8e0c-57e2-8b89-bed0198148ef,M,2304.67,EUR,110.709,KG,38,20.000,True
57c1b397-ad33-5575-8763-be4b1f77f414,2025-07-16T08:00:00Z,system,2025-07-16T08:00:00Z,system,MAT000000000000235,Circuit Breaker 08,f9b30b47-6010-5ad9-82f0-806e9aade65e,EA,1943.10,EUR,25.870,KG,14,20.000,True
449f174d-239f-5c9f-803d-0af1ffe5acb3,2025-07-17T08:00:00Z,system,2025-07-17T08:00:00Z,system,MAT000000000000236,Power Supply 08,10530ccc-b6a7-5f3b-9f30-768a03cef30c,L,104.83,EUR,59.686,KG,9,5.000,True
fcd3a87b-71f1-5871-b12a-5cf7f75c379d,2025-07-18T08:00:00Z,system,2025-07-18T08:00:00Z,system,MAT000000000000237,Conveyor Belt 08,a0f96efb-e3df-5d04-bbd8-f7c638ce31b7,M,96.00,EUR,89.741,KG,10,25.000,True
f4d5037c-d38c-5514-b120-c0d70fd1331e,2025-07-19T08:00:00Z,system,2025-07-19T08:00:00Z,system,MAT000000000000238,Rubber Gasket 08,b708786d-78bc-5ffa-b86f-456f57af9cad,L,947.79,EUR,35.445,KG,60,25.000,True
8955b821-56c4-50e4-a768-f8cd91a81833,2025-07-20T08:00:00Z,system,2025-07-20T08:00:00Z,system,MAT000000000000239,Welding Electrode 08,d055653d-a48f-5b95-aa61-6d89d00e4ec6,BOX,1798.39,EUR,50.312,KG,40,25.000,True
4c1fad4a-cd24-54cd-b60f-f4fc7907b672,2025-07-21T08:00:00Z,system,2025-07-21T08:00:00Z,system,MAT000000000000240,Adhesive Sealant 08,dd52a956-8e5a-5bc2-85fa-089f9fa3ed5f,KG,34.94,EUR,32.835,KG,9,25.000,True
37c4d2f8-f57c-5a2d-a98c-e54c9a60f9b2,2025-07-22T08:00:00Z,system,2025-07-22T08:00:00Z,system,MAT000000000000241,Stainless Steel Sheet 09,55b98412-a87c-5d06-99b1-b52e5bf7ce0f,KG,25.97,EUR,9.635,KG,23,5.000,True
86cd43f5-5e5a-58e0-8882-778206f00530,2025-07-23T08:00:00Z,system,2025-07-23T08:00:00Z,system,MAT000000000000242,Aluminium Profile 09,2658df6b-27d3-5402-9299-f7c0d6729824,KG,16.94,EUR,113.138,KG,10,5.000,True
11887a5e-152e-56c0-9b50-7d5495fe3b5a,2025-07-24T08:00:00Z,system,2025-07-24T08:00:00Z,system,MAT000000000000243,Copper Wire 09,777e7c37-1e75-51c3-ae1f-c155fd09bb99,L,246.24,EUR,48.451,KG,55,1.000,True
92383fa1-d27d-5e6a-b93a-e9f0ff565f05,2025-07-25T08:00:00Z,system,2025-07-25T08:00:00Z,system,MAT000000000000244,Ball Bearing 09,e4cee72f-aec8-50d7-9b62-f7b616ca4094,EA,984.81,EUR,13.829,KG,37,50.000,True
de05430c-0d15-5267-a70a-983b7ffb5638,2025-07-26T08:00:00Z,system,2025-07-26T08:00:00Z,system,MAT000000000000245,Hex Bolt 09,b8ea0922-f2ef-5e72-a3b7-5f823c043cf9,M,1285.52,EUR,94.285,KG,58,20.000,True
9e7b19d9-c9c7-562c-b69b-23994f239c49,2025-07-27T08:00:00Z,system,2025-07-27T08:00:00Z,system,MAT000000000000246,Electric Motor 09,2edc4fcd-5750-5cec-9cab-555863e23975,EA,1017.63,EUR,76.791,KG,59,25.000,True
893944a0-a713-5323-888a-1702113e176d,2025-07-28T08:00:00Z,system,2025-07-28T08:00:00Z,system,MAT000000000000247,Pressure Sensor 09,8dd5d572-569a-56bd-acd8-3be0728ad8a5,KG,23.14,EUR,43.868,KG,14,1.000,True
5b7ae8db-72b9-5511-ba23-2698e4fd03df,2025-07-29T08:00:00Z,system,2025-07-29T08:00:00Z,system,MAT000000000000248,PLC Module 09,caf36b91-af87-53fc-8158-13f91aade9d5,BOX,146.59,EUR,86.882,KG,12,20.000,True
f79ddad3-8785-5bbe-8cf9-08b1a4c43cb1,2025-07-30T08:00:00Z,system,2025-07-30T08:00:00Z,system,MAT000000000000249,Ethernet Cable 09,e70d53aa-bb36-5382-8414-f85fb1b4cacb,KG,9.85,EUR,87.308,KG,23,50.000,True
5994f62a-190b-5f64-a95c-9773a244fa2e,2025-07-31T08:00:00Z,system,2025-07-31T08:00:00Z,system,MAT000000000000250,Corrugated Carton 09,691d9e13-4d57-593c-acb4-8ff0871f82d9,SET,1627.09,EUR,62.816,KG,24,10.000,True
33a43adc-6963-52ef-b1d3-fd2492991b07,2025-08-01T08:00:00Z,system,2025-08-01T08:00:00Z,system,MAT000000000000251,Stretch Film 09,2acb4523-efa8-5113-8671-718f714e827d,EA,1894.45,EUR,24.808,KG,50,100.000,True
1cedd62f-02fd-505a-b102-9f80692d77d7,2025-08-02T08:00:00Z,system,2025-08-02T08:00:00Z,system,MAT000000000000252,Safety Gloves 09,78a29834-2f00-5ddb-98ac-157ca6d78bba,BOX,1884.98,EUR,66.270,KG,2,1.000,True
c27d8ed1-1c81-52eb-9e88-e5402f546414,2025-08-03T08:00:00Z,system,2025-08-03T08:00:00Z,system,MAT000000000000253,Protective Glasses 09,759df8ed-dbb8-5ebd-b398-95fa7f470c78,L,1611.73,EUR,114.147,KG,43,5.000,True
881eaa64-708a-5722-917e-fdcc33e19b55,2025-08-04T08:00:00Z,system,2025-08-04T08:00:00Z,system,MAT000000000000254,Hydraulic Hose 09,796ae5a3-0afd-5325-bbfe-ed77e933b62e,M,2449.46,EUR,90.111,KG,48,50.000,True
9cccf623-1147-5c18-8001-597eaf1dced5,2025-08-05T08:00:00Z,system,2025-08-05T08:00:00Z,system,MAT000000000000255,Pneumatic Cylinder 09,352f8b23-c4e6-5bc1-9928-e3680bd83e0d,SET,2047.51,EUR,76.477,KG,21,50.000,True
33b58793-6f12-50d8-b5ed-f4aaefc6d3f0,2025-08-06T08:00:00Z,system,2025-08-06T08:00:00Z,system,MAT000000000000256,Industrial Filter 09,bff32fdb-82c9-50b2-a43e-d228c5ac24ac,M,70.97,EUR,98.381,KG,50,50.000,True
c921e193-a3b7-5f2b-800f-213728db4d05,2025-08-07T08:00:00Z,system,2025-08-07T08:00:00Z,system,MAT000000000000257,Gear Oil 09,f35026fa-060f-5f11-9a86-269f5666b8e4,KG,8.61,EUR,104.119,KG,36,100.000,True
65e45d5d-37a2-56b1-837a-6d62a46b2ae9,2025-08-08T08:00:00Z,system,2025-08-08T08:00:00Z,system,MAT000000000000258,Control Valve 09,4c63ca08-088d-5a08-992c-d37a3c07121b,BOX,238.13,EUR,3.469,KG,40,1.000,True
1010189f-26f3-5ece-8436-a2f2923354f3,2025-08-09T08:00:00Z,system,2025-08-09T08:00:00Z,system,MAT000000000000259,Drill Bit Set 09,55c4127a-8e0c-57e2-8b89-bed0198148ef,EA,392.01,EUR,16.641,KG,51,100.000,True
3fbd18a0-7abf-52be-90d6-d20cad8bccd3,2025-08-10T08:00:00Z,system,2025-08-10T08:00:00Z,system,MAT000000000000260,Laptop Computer 09,f9b30b47-6010-5ad9-82f0-806e9aade65e,SET,1003.55,EUR,36.847,KG,56,50.000,True
61c9dd7a-23b2-51ce-a4f8-1ecaedb8b55e,2025-08-11T08:00:00Z,system,2025-08-11T08:00:00Z,system,MAT000000000000261,Barcode Scanner 09,10530ccc-b6a7-5f3b-9f30-768a03cef30c,SET,1868.32,EUR,32.974,KG,32,20.000,True
dc089f09-34df-5a3e-bedb-2c2e0f21465e,2025-08-12T08:00:00Z,system,2025-08-12T08:00:00Z,system,MAT000000000000262,Cleaning Concentrate 09,a0f96efb-e3df-5d04-bbd8-f7c638ce31b7,L,1569.88,EUR,56.421,KG,24,10.000,True
e337ec5f-3c23-585a-808c-545892f7ee27,2025-08-13T08:00:00Z,system,2025-08-13T08:00:00Z,system,MAT000000000000263,Laboratory Beaker 09,b708786d-78bc-5ffa-b86f-456f57af9cad,SET,1194.42,EUR,89.157,KG,53,10.000,True
571479d1-0b4f-5e80-b110-0e3e87a27f94,2025-08-14T08:00:00Z,system,2025-08-14T08:00:00Z,system,MAT000000000000264,PVC Pipe 09,d055653d-a48f-5b95-aa61-6d89d00e4ec6,EA,1580.59,EUR,68.701,KG,15,5.000,True
21cbb700-5485-5bab-b31b-e024cd04b587,2025-08-15T08:00:00Z,system,2025-08-15T08:00:00Z,system,MAT000000000000265,Circuit Breaker 09,dd52a956-8e5a-5bc2-85fa-089f9fa3ed5f,M,1235.11,EUR,45.179,KG,33,25.000,True
00a24b8a-d6ef-5fd9-b832-024cf1e9f1b5,2025-08-16T08:00:00Z,system,2025-08-16T08:00:00Z,system,MAT000000000000266,Power Supply 09,55b98412-a87c-5d06-99b1-b52e5bf7ce0f,EA,1168.14,EUR,25.723,KG,39,100.000,True
965972d0-7dc1-5a2e-a771-140c178aec3b,2025-08-17T08:00:00Z,system,2025-08-17T08:00:00Z,system,MAT000000000000267,Conveyor Belt 09,2658df6b-27d3-5402-9299-f7c0d6729824,EA,257.19,EUR,110.462,KG,30,20.000,True
ed9623f5-c560-5892-8eb5-ab1f747a9b8e,2025-08-18T08:00:00Z,system,2025-08-18T08:00:00Z,system,MAT000000000000268,Rubber Gasket 09,777e7c37-1e75-51c3-ae1f-c155fd09bb99,KG,32.06,EUR,106.577,KG,18,100.000,True
ca48575f-0b73-55a6-b23c-6de718d78d67,2025-08-19T08:00:00Z,system,2025-08-19T08:00:00Z,system,MAT000000000000269,Welding Electrode 09,e4cee72f-aec8-50d7-9b62-f7b616ca4094,KG,7.89,EUR,23.978,KG,18,1.000,True
cff52af4-5fdd-5e0b-be96-5b7ede153dbb,2025-05-22T08:00:00Z,system,2025-05-22T08:00:00Z,system,MAT000000000000270,Adhesive Sealant 09,b8ea0922-f2ef-5e72-a3b7-5f823c043cf9,SET,941.34,EUR,36.139,KG,52,10.000,True
8f4fa6ee-76d8-5196-89f7-b65fbb2cfff1,2025-05-23T08:00:00Z,system,2025-05-23T08:00:00Z,system,MAT000000000000271,Stainless Steel Sheet 10,2edc4fcd-5750-5cec-9cab-555863e23975,KG,22.13,EUR,61.704,KG,18,20.000,True
5bced482-deea-5fc4-8653-6c41fc86806e,2025-05-24T08:00:00Z,system,2025-05-24T08:00:00Z,system,MAT000000000000272,Aluminium Profile 10,8dd5d572-569a-56bd-acd8-3be0728ad8a5,M,2171.12,EUR,9.648,KG,58,50.000,True
f84d7723-0164-5c03-952b-c6a6bd546739,2025-05-25T08:00:00Z,system,2025-05-25T08:00:00Z,system,MAT000000000000273,Copper Wire 10,caf36b91-af87-53fc-8158-13f91aade9d5,EA,2374.16,EUR,31.558,KG,3,1.000,True
3fc74a3b-0832-5675-b9fe-287a90de3ba8,2025-05-26T08:00:00Z,system,2025-05-26T08:00:00Z,system,MAT000000000000274,Ball Bearing 10,e70d53aa-bb36-5382-8414-f85fb1b4cacb,EA,391.93,EUR,48.938,KG,10,1.000,True
0ec0e0b9-02b8-5273-be60-7699e859c9ef,2025-05-27T08:00:00Z,system,2025-05-27T08:00:00Z,system,MAT000000000000275,Hex Bolt 10,691d9e13-4d57-593c-acb4-8ff0871f82d9,SET,2196.11,EUR,2.520,KG,56,20.000,True
729b6d7e-7b34-59c4-ab17-3319477660be,2025-05-28T08:00:00Z,system,2025-05-28T08:00:00Z,system,MAT000000000000276,Electric Motor 10,2acb4523-efa8-5113-8671-718f714e827d,KG,14.14,EUR,62.282,KG,21,25.000,True
85097ad1-7358-5034-a39c-c5bec0e42c12,2025-05-29T08:00:00Z,system,2025-05-29T08:00:00Z,system,MAT000000000000277,Pressure Sensor 10,78a29834-2f00-5ddb-98ac-157ca6d78bba,BOX,2488.17,EUR,19.870,KG,28,1.000,True
8e5f4a29-9822-5732-9a4b-23f68daf8471,2025-05-30T08:00:00Z,system,2025-05-30T08:00:00Z,system,MAT000000000000278,PLC Module 10,759df8ed-dbb8-5ebd-b398-95fa7f470c78,SET,2169.04,EUR,28.935,KG,15,20.000,True
9261773a-79a7-5ba7-a7f8-356b7ba60aa2,2025-05-31T08:00:00Z,system,2025-05-31T08:00:00Z,system,MAT000000000000279,Ethernet Cable 10,796ae5a3-0afd-5325-bbfe-ed77e933b62e,EA,1772.70,EUR,25.460,KG,40,1.000,True
19286625-e8e0-5181-9f4c-23d2a96418c8,2025-06-01T08:00:00Z,system,2025-06-01T08:00:00Z,system,MAT000000000000280,Corrugated Carton 10,352f8b23-c4e6-5bc1-9928-e3680bd83e0d,KG,10.60,EUR,86.137,KG,5,10.000,True
8ecd63dc-042f-5821-9209-3db5b19e8ed7,2025-06-02T08:00:00Z,system,2025-06-02T08:00:00Z,system,MAT000000000000281,Stretch Film 10,bff32fdb-82c9-50b2-a43e-d228c5ac24ac,EA,2078.81,EUR,56.395,KG,32,25.000,True
4ab6e929-df87-5d07-b36e-bc3c2033a2c4,2025-06-03T08:00:00Z,system,2025-06-03T08:00:00Z,system,MAT000000000000282,Safety Gloves 10,f35026fa-060f-5f11-9a86-269f5666b8e4,BOX,2175.61,EUR,117.555,KG,38,100.000,True
3dc01e32-c4f9-591d-bf47-70af97b27acc,2025-06-04T08:00:00Z,system,2025-06-04T08:00:00Z,system,MAT000000000000283,Protective Glasses 10,4c63ca08-088d-5a08-992c-d37a3c07121b,BOX,1334.05,EUR,111.009,KG,26,100.000,True
0ff1099e-974c-5cf5-97fc-078fe85ca3af,2025-06-05T08:00:00Z,system,2025-06-05T08:00:00Z,system,MAT000000000000284,Hydraulic Hose 10,55c4127a-8e0c-57e2-8b89-bed0198148ef,L,1407.68,EUR,44.290,KG,59,10.000,True
e78a29f5-6b77-5c64-a898-2ef9faf92f91,2025-06-06T08:00:00Z,system,2025-06-06T08:00:00Z,system,MAT000000000000285,Pneumatic Cylinder 10,f9b30b47-6010-5ad9-82f0-806e9aade65e,KG,20.67,EUR,117.257,KG,41,5.000,True
cc5afda5-c29c-592b-ab4e-304a522f6af7,2025-06-07T08:00:00Z,system,2025-06-07T08:00:00Z,system,MAT000000000000286,Industrial Filter 10,10530ccc-b6a7-5f3b-9f30-768a03cef30c,L,1451.54,EUR,32.283,KG,34,50.000,True
c51be922-7f94-5734-90be-dd25480a96da,2025-06-08T08:00:00Z,system,2025-06-08T08:00:00Z,system,MAT000000000000287,Gear Oil 10,a0f96efb-e3df-5d04-bbd8-f7c638ce31b7,EA,202.62,EUR,77.855,KG,12,20.000,True
3a0a1e49-476a-536d-b162-93bd126b8104,2025-06-09T08:00:00Z,system,2025-06-09T08:00:00Z,system,MAT000000000000288,Control Valve 10,b708786d-78bc-5ffa-b86f-456f57af9cad,L,2045.70,EUR,21.639,KG,39,10.000,True
775db43d-b20d-5440-9e66-3995ab8bf36c,2025-06-10T08:00:00Z,system,2025-06-10T08:00:00Z,system,MAT000000000000289,Drill Bit Set 10,d055653d-a48f-5b95-aa61-6d89d00e4ec6,L,177.67,EUR,105.833,KG,52,50.000,True
18842f90-d5d5-59ad-837c-f13f2b55bb62,2025-06-11T08:00:00Z,system,2025-06-11T08:00:00Z,system,MAT000000000000290,Laptop Computer 10,dd52a956-8e5a-5bc2-85fa-089f9fa3ed5f,EA,1147.55,EUR,85.201,KG,28,10.000,True
811092f8-2db7-5749-ad90-adf8763eb900,2025-06-12T08:00:00Z,system,2025-06-12T08:00:00Z,system,MAT000000000000291,Barcode Scanner 10,55b98412-a87c-5d06-99b1-b52e5bf7ce0f,EA,524.16,EUR,108.148,KG,54,100.000,True
425b666f-dd3e-51cf-b65c-1b1c5b49b01e,2025-06-13T08:00:00Z,system,2025-06-13T08:00:00Z,system,MAT000000000000292,Cleaning Concentrate 10,2658df6b-27d3-5402-9299-f7c0d6729824,M,1522.36,EUR,10.553,KG,43,100.000,True
04c6ce4d-e9ec-5c21-9f43-b4b251046c2f,2025-06-14T08:00:00Z,system,2025-06-14T08:00:00Z,system,MAT000000000000293,Laboratory Beaker 10,777e7c37-1e75-51c3-ae1f-c155fd09bb99,M,1087.10,EUR,78.152,KG,32,20.000,True
b0ab2af3-a243-52cb-867b-07afe9932cc1,2025-06-15T08:00:00Z,system,2025-06-15T08:00:00Z,system,MAT000000000000294,PVC Pipe 10,e4cee72f-aec8-50d7-9b62-f7b616ca4094,EA,2448.05,EUR,2.915,KG,51,20.000,True
f86c9292-1db7-5162-81d0-0b6ff62e922d,2025-06-16T08:00:00Z,system,2025-06-16T08:00:00Z,system,MAT000000000000295,Circuit Breaker 10,b8ea0922-f2ef-5e72-a3b7-5f823c043cf9,SET,1044.05,EUR,12.924,KG,26,5.000,True
9ee6432b-6595-54db-87c7-de231a6076c8,2025-06-17T08:00:00Z,system,2025-06-17T08:00:00Z,system,MAT000000000000296,Power Supply 10,2edc4fcd-5750-5cec-9cab-555863e23975,EA,186.11,EUR,47.998,KG,37,100.000,True
d4ebbd6f-8a69-5cf1-8716-7275006eb3b3,2025-06-18T08:00:00Z,system,2025-06-18T08:00:00Z,system,MAT000000000000297,Conveyor Belt 10,8dd5d572-569a-56bd-acd8-3be0728ad8a5,M,2259.51,EUR,101.144,KG,22,5.000,True
c21a05cd-e0c4-5233-b2b3-69e0eadd9d50,2025-06-19T08:00:00Z,system,2025-06-19T08:00:00Z,system,MAT000000000000298,Rubber Gasket 10,caf36b91-af87-53fc-8158-13f91aade9d5,EA,962.69,EUR,49.860,KG,28,20.000,True
4a6344a3-f35e-516c-9e41-3b71adc76bae,2025-06-20T08:00:00Z,system,2025-06-20T08:00:00Z,system,MAT000000000000299,Welding Electrode 10,e70d53aa-bb36-5382-8414-f85fb1b4cacb,M,699.78,EUR,39.392,KG,8,50.000,True
a46103e7-a245-5eef-af4b-854671431c6b,2025-06-21T08:00:00Z,system,2025-06-21T08:00:00Z,system,MAT000000000000300,Adhesive Sealant 10,691d9e13-4d57-593c-acb4-8ff0871f82d9,M,2116.25,EUR,20.621,KG,41,10.000,True
